time,phase,alpha,fz_tip1,fz_tip2,fz_tip3,fz_tip4,fz_tip5
0.010155677795410156,move,0.0033852259318033853,-5.6000000000000005,-5.6000000000000005,-5.6000000000000005,-5.6000000000000005,-5.6000000000000005
0.00018930435180664062,move,6.310145060221355e-05,-5.6000000000000005,-5.6000000000000005,-5.6000000000000005,-5.6000000000000005,-5.6000000000000005
0.005296945571899414,move,0.0017656485239664714,-5.5,-5.5,-5.5,-5.5,-5.5
0.015398502349853516,move,0.005132834116617839,-5.5,-5.5,-5.5,-5.5,-5.5
0.025357723236083984,move,0.008452574412027994,-5.5,-5.5,-5.5,-5.5,-5.5
0.035369157791137695,move,0.011789719263712565,-5.5,-5.5,-5.5,-5.5,-5.5
0.04543042182922363,move,0.015143473943074545,-5.6000000000000005,-5.6000000000000005,-5.6000000000000005,-5.6000000000000005,-5.6000000000000005
0.05532670021057129,move,0.018442233403523762,-5.5,-5.5,-5.5,-5.5,-5.5
0.0655374526977539,move,0.02184581756591797,-5.6000000000000005,-5.6000000000000005,-5.6000000000000005,-5.6000000000000005,-5.6000000000000005
0.07535576820373535,move,0.025118589401245117,-5.5,-5.5,-5.5,-5.5,-5.5
0.08545660972595215,move,0.028485536575317383,-5.5,-5.5,-5.5,-5.5,-5.5
0.09555959701538086,move,0.03185319900512695,-5.6000000000000005,-5.6000000000000005,-5.6000000000000005,-5.6000000000000005,-5.6000000000000005
0.10555481910705566,move,0.03518493970235189,-5.5,-5.5,-5.5,-5.5,-5.5
0.11553645133972168,move,0.03851215044657389,-5.5,-5.5,-5.5,-5.5,-5.5
0.12551546096801758,move,0.041838486989339195,-5.5,-5.5,-5.5,-5.5,-5.5
0.1355140209197998,move,0.04517134030659994,-5.5,-5.5,-5.5,-5.5,-5.5
0.14558005332946777,move,0.04852668444315592,-5.5,-5.5,-5.5,-5.5,-5.5
0.1555039882659912,move,0.051834662755330406,-5.5,-5.5,-5.5,-5.5,-5.5
0.16553211212158203,move,0.05517737070719401,-5.5,-5.5,-5.5,-5.5,-5.5
0.175581693649292,move,0.058527231216430664,-5.5,-5.5,-5.5,-5.5,-5.5
0.1855008602142334,move,0.06183362007141113,-5.6000000000000005,-5.6000000000000005,-5.6000000000000005,-5.6000000000000005,-5.6000000000000005
0.1954965591430664,move,0.06516551971435547,-5.6000000000000005,-5.6000000000000005,-5.6000000000000005,-5.6000000000000005,-5.6000000000000005
0.2055196762084961,move,0.06850655873616536,-5.6000000000000005,-5.6000000000000005,-5.6000000000000005,-5.6000000000000005,-5.6000000000000005
0.21559834480285645,move,0.07186611493428548,-5.6000000000000005,-5.6000000000000005,-5.6000000000000005,-5.6000000000000005,-5.6000000000000005
0.225508451461792,move,0.07516948382059734,-5.6000000000000005,-5.6000000000000005,-5.6000000000000005,-5.6000000000000005,-5.6000000000000005
0.23549675941467285,move,0.07849891980489095,-5.5,-5.5,-5.5,-5.5,-5.5
0.24552130699157715,move,0.08184043566385905,-5.5,-5.5,-5.5,-5.5,-5.5
0.25549769401550293,move,0.08516589800516765,-5.5,-5.5,-5.5,-5.5,-5.5
0.265500545501709,move,0.088500181833903,-5.5,-5.5,-5.5,-5.5,-5.5
0.275526762008667,move,0.09184225400288899,-5.5,-5.5,-5.5,-5.5,-5.5
0.28551459312438965,move,0.09517153104146321,-5.5,-5.5,-5.5,-5.5,-5.5
0.29552698135375977,move,0.0985089937845866,-5.5,-5.5,-5.5,-5.5,-5.5
0.3055238723754883,move,0.10184129079182942,-5.6000000000000005,-5.6000000000000005,-5.6000000000000005,-5.6000000000000005,-5.6000000000000005
0.3159520626068115,move,0.10531735420227051,-5.6000000000000005,-5.6000000000000005,-5.6000000000000005,-5.6000000000000005,-5.6000000000000005
0.325786828994751,move,0.10859560966491699,-5.6000000000000005,-5.6000000000000005,-5.6000000000000005,-5.6000000000000005,-5.6000000000000005
0.3356771469116211,move,0.1118923823038737,-5.7,-5.7,-5.7,-5.7,-5.7
0.3454315662384033,move,0.1151438554128011,-5.7,-5.7,-5.7,-5.7,-5.7
0.35538268089294434,move,0.11846089363098145,-5.7,-5.7,-5.7,-5.7,-5.7
0.3653547763824463,move,0.12178492546081543,-5.7,-5.7,-5.7,-5.7,-5.7
0.3753550052642822,move,0.12511833508809408,-5.7,-5.7,-5.7,-5.7,-5.7
0.38539552688598633,move,0.1284651756286621,-5.7,-5.7,-5.7,-5.7,-5.7
0.39559078216552734,move,0.13186359405517578,-5.800000000000001,-5.800000000000001,-5.800000000000001,-5.800000000000001,-5.800000000000001
0.4053955078125,move,0.1351318359375,-5.7,-5.7,-5.7,-5.7,-5.7
0.41547489166259766,move,0.13849163055419922,-5.6000000000000005,-5.6000000000000005,-5.6000000000000005,-5.6000000000000005,-5.6000000000000005
0.4256882667541504,move,0.14189608891805014,-5.6000000000000005,-5.6000000000000005,-5.6000000000000005,-5.6000000000000005,-5.6000000000000005
0.4357733726501465,move,0.14525779088338217,-5.6000000000000005,-5.6000000000000005,-5.6000000000000005,-5.6000000000000005,-5.6000000000000005
0.4457547664642334,move,0.14858492215474448,-5.6000000000000005,-5.6000000000000005,-5.6000000000000005,-5.6000000000000005,-5.6000000000000005
0.45571160316467285,move,0.15190386772155762,-5.7,-5.7,-5.7,-5.7,-5.7
0.4656209945678711,move,0.15520699818929037,-5.7,-5.7,-5.7,-5.7,-5.7
0.47545719146728516,move,0.15848573048909506,-5.7,-5.7,-5.7,-5.7,-5.7
0.4854130744934082,move,0.1618043581644694,-5.7,-5.7,-5.7,-5.7,-5.7
0.49552226066589355,move,0.1651740868886312,-5.7,-5.7,-5.7,-5.7,-5.7
0.5053238868713379,move,0.1684412956237793,-5.7,-5.7,-5.7,-5.7,-5.7
0.5155982971191406,move,0.17186609903971353,-5.7,-5.7,-5.7,-5.7,-5.7
0.5255048274993896,move,0.17516827583312988,-5.6000000000000005,-5.6000000000000005,-5.6000000000000005,-5.6000000000000005,-5.6000000000000005
0.5355422496795654,move,0.17851408322652182,-5.5,-5.5,-5.5,-5.5,-5.5
0.5453188419342041,move,0.18177294731140137,-5.5,-5.5,-5.5,-5.5,-5.5
0.5553488731384277,move,0.18511629104614258,-5.5,-5.5,-5.5,-5.5,-5.5
0.5653572082519531,move,0.18845240275065103,-5.4,-5.4,-5.4,-5.4,-5.4
0.5753419399261475,move,0.19178064664204916,-5.4,-5.4,-5.4,-5.4,-5.4
0.5854012966156006,move,0.19513376553853354,-5.4,-5.4,-5.4,-5.4,-5.4
0.5955381393432617,move,0.19851271311442056,-5.4,-5.4,-5.4,-5.4,-5.4
0.6057376861572266,move,0.20191256205240884,-5.4,-5.4,-5.4,-5.4,-5.4
0.6157441139221191,move,0.2052480379740397,-5.5,-5.5,-5.5,-5.5,-5.5
0.6257245540618896,move,0.20857485135396323,-5.5,-5.5,-5.5,-5.5,-5.5
0.6356492042541504,move,0.2118830680847168,-5.4,-5.4,-5.4,-5.4,-5.4
0.6458120346069336,move,0.2152706782023112,-5.5,-5.5,-5.5,-5.5,-5.5
0.6557693481445312,move,0.21858978271484375,-5.5,-5.5,-5.5,-5.5,-5.5
0.6657750606536865,move,0.2219250202178955,-5.5,-5.5,-5.5,-5.5,-5.5
0.675788164138794,move,0.225262721379598,-5.5,-5.5,-5.5,-5.5,-5.5
0.6857330799102783,move,0.22857769330342612,-5.5,-5.5,-5.5,-5.5,-5.5
0.6957738399505615,move,0.23192461331685385,-5.5,-5.5,-5.5,-5.5,-5.5
0.7055861949920654,move,0.23519539833068848,-5.6000000000000005,-5.6000000000000005,-5.6000000000000005,-5.6000000000000005,-5.6000000000000005
0.7156007289886475,move,0.23853357632954916,-5.6000000000000005,-5.6000000000000005,-5.6000000000000005,-5.6000000000000005,-5.6000000000000005
0.7256553173065186,move,0.2418851057688395,-5.6000000000000005,-5.6000000000000005,-5.6000000000000005,-5.6000000000000005,-5.6000000000000005
0.7355861663818359,move,0.2451953887939453,-5.6000000000000005,-5.6000000000000005,-5.6000000000000005,-5.6000000000000005,-5.6000000000000005
0.7455849647521973,move,0.24852832158406576,-5.6000000000000005,-5.6000000000000005,-5.6000000000000005,-5.6000000000000005,-5.6000000000000005
0.7556066513061523,move,0.25186888376871747,-5.6000000000000005,-5.6000000000000005,-5.6000000000000005,-5.6000000000000005,-5.6000000000000005
0.765573263168335,move,0.2551910877227783,-5.6000000000000005,-5.6000000000000005,-5.6000000000000005,-5.6000000000000005,-5.6000000000000005
0.7755823135375977,move,0.2585274378458659,-5.5,-5.5,-5.5,-5.5,-5.5
0.7855963706970215,move,0.26186545689900714,-5.5,-5.5,-5.5,-5.5,-5.5
0.7956337928771973,move,0.2652112642923991,-5.6000000000000005,-5.6000000000000005,-5.6000000000000005,-5.6000000000000005,-5.6000000000000005
0.8056154251098633,move,0.2685384750366211,-5.6000000000000005,-5.6000000000000005,-5.6000000000000005,-5.6000000000000005,-5.6000000000000005
0.8155994415283203,move,0.2718664805094401,-5.7,-5.7,-5.7,-5.7,-5.7
0.8256313800811768,move,0.2752104600270589,-5.7,-5.7,-5.7,-5.7,-5.7
0.8355827331542969,move,0.27852757771809894,-5.6000000000000005,-5.6000000000000005,-5.6000000000000005,-5.6000000000000005,-5.6000000000000005
0.8456270694732666,move,0.2818756898244222,-5.6000000000000005,-5.6000000000000005,-5.6000000000000005,-5.6000000000000005,-5.6000000000000005
0.8556525707244873,move,0.2852175235748291,-5.7,-5.7,-5.7,-5.7,-5.7
0.865553617477417,move,0.28851787249247235,-5.7,-5.7,-5.7,-5.7,-5.7
0.8753514289855957,move,0.29178380966186523,-5.7,-5.7,-5.7,-5.7,-5.7
0.8855199813842773,move,0.29517332712809247,-5.7,-5.7,-5.7,-5.7,-5.7
0.8954694271087646,move,0.2984898090362549,-5.6000000000000005,-5.6000000000000005,-5.6000000000000005,-5.6000000000000005,-5.6000000000000005
0.9053492546081543,move,0.30178308486938477,-5.7,-5.7,-5.7,-5.7,-5.7
0.9153463840484619,move,0.3051154613494873,-5.7,-5.7,-5.7,-5.7,-5.7
0.9253692626953125,move,0.3084564208984375,-5.7,-5.7,-5.7,-5.7,-5.7
0.9355478286743164,move,0.31184927622477215,-5.7,-5.7,-5.7,-5.7,-5.7
0.9453799724578857,move,0.3151266574859619,-5.7,-5.7,-5.7,-5.7,-5.7
0.9554054737091064,move,0.31846849123636883,-5.7,-5.7,-5.7,-5.7,-5.7
0.9655282497406006,move,0.3218427499135335,-5.7,-5.7,-5.7,-5.7,-5.7
0.9756917953491211,move,0.32523059844970703,-5.7,-5.7,-5.7,-5.7,-5.7
0.985687255859375,move,0.3285624186197917,-5.6000000000000005,-5.6000000000000005,-5.6000000000000005,-5.6000000000000005,-5.6000000000000005
0.9956896305084229,move,0.3318965435028076,-5.6000000000000005,-5.6000000000000005,-5.6000000000000005,-5.6000000000000005,-5.6000000000000005
1.0056250095367432,move,0.33520833651224774,-5.6000000000000005,-5.6000000000000005,-5.6000000000000005,-5.6000000000000005,-5.6000000000000005
1.0157129764556885,move,0.3385709921518962,-5.6000000000000005,-5.6000000000000005,-5.6000000000000005,-5.6000000000000005,-5.6000000000000005
1.0256729125976562,move,0.34189097086588544,-5.6000000000000005,-5.6000000000000005,-5.6000000000000005,-5.6000000000000005,-5.6000000000000005
1.0356731414794922,move,0.34522438049316406,-5.6000000000000005,-5.6000000000000005,-5.6000000000000005,-5.6000000000000005,-5.6000000000000005
1.045703649520874,move,0.3485678831736247,-5.6000000000000005,-5.6000000000000005,-5.6000000000000005,-5.6000000000000005,-5.6000000000000005
1.0557754039764404,move,0.3519251346588135,-5.6000000000000005,-5.6000000000000005,-5.6000000000000005,-5.6000000000000005,-5.6000000000000005
1.065666675567627,move,0.355222225189209,-5.6000000000000005,-5.6000000000000005,-5.6000000000000005,-5.6000000000000005,-5.6000000000000005
1.0756640434265137,move,0.3585546811421712,-5.6000000000000005,-5.6000000000000005,-5.6000000000000005,-5.6000000000000005,-5.6000000000000005
1.085576057434082,move,0.36185868581136066,-5.6000000000000005,-5.6000000000000005,-5.6000000000000005,-5.6000000000000005,-5.6000000000000005
1.0954978466033936,move,0.36516594886779785,-5.6000000000000005,-5.6000000000000005,-5.6000000000000005,-5.6000000000000005,-5.6000000000000005
1.1055243015289307,move,0.36850810050964355,-5.6000000000000005,-5.6000000000000005,-5.6000000000000005,-5.6000000000000005,-5.6000000000000005
1.1154768466949463,move,0.3718256155649821,-5.6000000000000005,-5.6000000000000005,-5.6000000000000005,-5.6000000000000005,-5.6000000000000005
1.1255004405975342,move,0.3751668135325114,-5.6000000000000005,-5.6000000000000005,-5.6000000000000005,-5.6000000000000005,-5.6000000000000005
1.1354682445526123,move,0.3784894148508708,-5.6000000000000005,-5.6000000000000005,-5.6000000000000005,-5.6000000000000005,-5.6000000000000005
1.1454858779907227,move,0.38182862599690753,-5.6000000000000005,-5.6000000000000005,-5.6000000000000005,-5.6000000000000005,-5.6000000000000005
1.155526876449585,move,0.385175625483195,-5.6000000000000005,-5.6000000000000005,-5.6000000000000005,-5.6000000000000005,-5.6000000000000005
1.165466070175171,move,0.3884886900583903,-5.6000000000000005,-5.6000000000000005,-5.6000000000000005,-5.6000000000000005,-5.6000000000000005
1.1754374504089355,move,0.3918124834696452,-5.5,-5.5,-5.5,-5.5,-5.5
1.1854870319366455,move,0.39516234397888184,-5.6000000000000005,-5.6000000000000005,-5.6000000000000005,-5.6000000000000005,-5.6000000000000005
1.195432186126709,move,0.39847739537556964,-5.6000000000000005,-5.6000000000000005,-5.6000000000000005,-5.6000000000000005,-5.6000000000000005
1.205437421798706,move,0.40181247393290204,-5.6000000000000005,-5.6000000000000005,-5.6000000000000005,-5.6000000000000005,-5.6000000000000005
1.2154974937438965,move,0.4051658312479655,-5.6000000000000005,-5.6000000000000005,-5.6000000000000005,-5.6000000000000005,-5.6000000000000005
1.2254619598388672,move,0.40848731994628906,-5.6000000000000005,-5.6000000000000005,-5.6000000000000005,-5.6000000000000005,-5.6000000000000005
1.2354581356048584,move,0.4118193785349528,-5.5,-5.5,-5.5,-5.5,-5.5
1.2454688549041748,move,0.4151562849680583,-5.5,-5.5,-5.5,-5.5,-5.5
1.2555432319641113,move,0.4185144106547038,-5.6000000000000005,-5.6000000000000005,-5.6000000000000005,-5.6000000000000005,-5.6000000000000005
1.2655634880065918,move,0.42185449600219727,-5.6000000000000005,-5.6000000000000005,-5.6000000000000005,-5.6000000000000005,-5.6000000000000005
1.2755813598632812,move,0.42519378662109375,-5.5,-5.5,-5.5,-5.5,-5.5
1.285529613494873,move,0.4285098711649577,-5.5,-5.5,-5.5,-5.5,-5.5
1.2955434322357178,move,0.43184781074523926,-5.5,-5.5,-5.5,-5.5,-5.5
1.3055312633514404,move,0.4351770877838135,-5.6000000000000005,-5.6000000000000005,-5.6000000000000005,-5.6000000000000005,-5.6000000000000005
1.3155310153961182,move,0.43851033846537274,-5.6000000000000005,-5.6000000000000005,-5.6000000000000005,-5.6000000000000005,-5.6000000000000005
1.325545072555542,move,0.441848357518514,-5.6000000000000005,-5.6000000000000005,-5.6000000000000005,-5.6000000000000005,-5.6000000000000005
1.3355436325073242,move,0.4451812108357747,-5.6000000000000005,-5.6000000000000005,-5.6000000000000005,-5.6000000000000005,-5.6000000000000005
1.3455212116241455,move,0.44850707054138184,-5.6000000000000005,-5.6000000000000005,-5.6000000000000005,-5.6000000000000005,-5.6000000000000005
1.3555290699005127,move,0.4518430233001709,-5.6000000000000005,-5.6000000000000005,-5.6000000000000005,-5.6000000000000005,-5.6000000000000005
1.3655130863189697,move,0.4551710287729899,-5.6000000000000005,-5.6000000000000005,-5.6000000000000005,-5.6000000000000005,-5.6000000000000005
1.3756272792816162,move,0.4585424264272054,-5.6000000000000005,-5.6000000000000005,-5.6000000000000005,-5.6000000000000005,-5.6000000000000005
1.3855669498443604,move,0.4618556499481201,-5.6000000000000005,-5.6000000000000005,-5.6000000000000005,-5.6000000000000005,-5.6000000000000005
1.395641565322876,move,0.4652138551076253,-5.6000000000000005,-5.6000000000000005,-5.6000000000000005,-5.6000000000000005,-5.6000000000000005
1.4055416584014893,move,0.46851388613382977,-5.6000000000000005,-5.6000000000000005,-5.6000000000000005,-5.6000000000000005,-5.6000000000000005
1.4155471324920654,move,0.4718490441640218,-5.6000000000000005,-5.6000000000000005,-5.6000000000000005,-5.6000000000000005,-5.6000000000000005
1.425673484802246,move,0.47522449493408203,-5.6000000000000005,-5.6000000000000005,-5.6000000000000005,-5.6000000000000005,-5.6000000000000005
1.4354562759399414,move,0.4784854253133138,-5.6000000000000005,-5.6000000000000005,-5.6000000000000005,-5.6000000000000005,-5.6000000000000005
1.4455914497375488,move,0.4818638165791829,-5.6000000000000005,-5.6000000000000005,-5.6000000000000005,-5.6000000000000005,-5.6000000000000005
1.4554202556610107,move,0.4851400852203369,-5.6000000000000005,-5.6000000000000005,-5.6000000000000005,-5.6000000000000005,-5.6000000000000005
1.465376377105713,move,0.488458792368571,-5.6000000000000005,-5.6000000000000005,-5.6000000000000005,-5.6000000000000005,-5.6000000000000005
1.4753658771514893,move,0.4917886257171631,-5.6000000000000005,-5.6000000000000005,-5.6000000000000005,-5.6000000000000005,-5.6000000000000005
1.4853155612945557,move,0.49510518709818524,-5.7,-5.7,-5.7,-5.7,-5.7
1.4953114986419678,move,0.49843716621398926,-5.7,-5.7,-5.7,-5.7,-5.7
1.505333423614502,move,0.5017778078715006,-5.7,-5.7,-5.7,-5.7,-5.7
1.5152983665466309,move,0.5050994555155436,-5.7,-5.7,-5.7,-5.7,-5.7
1.525573492050171,move,0.508524497350057,-5.7,-5.7,-5.7,-5.7,-5.7
1.5354335308074951,move,0.5118111769358317,-5.7,-5.7,-5.7,-5.7,-5.7
1.5454902648925781,move,0.5151634216308594,-5.7,-5.7,-5.7,-5.7,-5.7
1.5557024478912354,move,0.5185674826304117,-5.7,-5.7,-5.7,-5.7,-5.7
1.5656931400299072,move,0.5218977133433024,-5.7,-5.7,-5.7,-5.7,-5.7
1.5756869316101074,move,0.5252289772033691,-5.7,-5.7,-5.7,-5.7,-5.7
1.585662603378296,move,0.5285542011260986,-5.7,-5.7,-5.7,-5.7,-5.7
1.5957005023956299,move,0.53190016746521,-5.7,-5.7,-5.7,-5.7,-5.7
1.60563325881958,move,0.5352110862731934,-5.7,-5.7,-5.7,-5.7,-5.7
1.6157071590423584,move,0.5385690530141195,-5.7,-5.7,-5.7,-5.7,-5.7
1.6256685256958008,move,0.541889508565267,-5.7,-5.7,-5.7,-5.7,-5.7
1.6356313228607178,move,0.5452104409535726,-5.7,-5.7,-5.7,-5.7,-5.7
1.6456356048583984,move,0.5485452016194662,-5.7,-5.7,-5.7,-5.7,-5.7
1.6556298732757568,move,0.5518766244252523,-5.7,-5.7,-5.7,-5.7,-5.7
1.6656484603881836,move,0.5552161534627279,-5.6000000000000005,-5.6000000000000005,-5.6000000000000005,-5.6000000000000005,-5.6000000000000005
1.6756820678710938,move,0.5585606892903646,-5.6000000000000005,-5.6000000000000005,-5.6000000000000005,-5.6000000000000005,-5.6000000000000005
1.6856811046600342,move,0.5618937015533447,-5.7,-5.7,-5.7,-5.7,-5.7
1.695685863494873,move,0.5652286211649576,-5.6000000000000005,-5.6000000000000005,-5.6000000000000005,-5.6000000000000005,-5.6000000000000005
1.7056782245635986,move,0.5685594081878662,-5.6000000000000005,-5.6000000000000005,-5.6000000000000005,-5.6000000000000005,-5.6000000000000005
1.7155747413635254,move,0.5718582471211752,-5.6000000000000005,-5.6000000000000005,-5.6000000000000005,-5.6000000000000005,-5.6000000000000005
1.7255663871765137,move,0.5751887957255045,-5.6000000000000005,-5.6000000000000005,-5.6000000000000005,-5.6000000000000005,-5.6000000000000005
1.7355625629425049,move,0.5785208543141683,-5.7,-5.7,-5.7,-5.7,-5.7
1.7455651760101318,move,0.581855058670044,-5.7,-5.7,-5.7,-5.7,-5.7
1.7556102275848389,move,0.5852034091949463,-5.6000000000000005,-5.6000000000000005,-5.6000000000000005,-5.6000000000000005,-5.6000000000000005
1.7655649185180664,move,0.5885216395060221,-5.7,-5.7,-5.7,-5.7,-5.7
1.7755656242370605,move,0.5918552080790201,-5.6000000000000005,-5.6000000000000005,-5.6000000000000005,-5.6000000000000005,-5.6000000000000005
1.7855448722839355,move,0.5951816240946451,-5.7,-5.7,-5.7,-5.7,-5.7
1.7955780029296875,move,0.5985260009765625,-5.6000000000000005,-5.6000000000000005,-5.6000000000000005,-5.6000000000000005,-5.6000000000000005
1.8055813312530518,move,0.6018604437510172,-5.6000000000000005,-5.6000000000000005,-5.6000000000000005,-5.6000000000000005,-5.6000000000000005
1.8156168460845947,move,0.6052056153615316,-5.6000000000000005,-5.6000000000000005,-5.6000000000000005,-5.6000000000000005,-5.6000000000000005
1.8255562782287598,move,0.6085187594095866,-5.6000000000000005,-5.6000000000000005,-5.6000000000000005,-5.6000000000000005,-5.6000000000000005
1.8355531692504883,move,0.6118510564168295,-5.6000000000000005,-5.6000000000000005,-5.6000000000000005,-5.6000000000000005,-5.6000000000000005
1.8455126285552979,move,0.6151708761850992,-5.6000000000000005,-5.6000000000000005,-5.6000000000000005,-5.6000000000000005,-5.6000000000000005
1.8555545806884766,move,0.6185181935628256,-5.6000000000000005,-5.6000000000000005,-5.6000000000000005,-5.6000000000000005,-5.6000000000000005
1.8655543327331543,move,0.6218514442443848,-5.6000000000000005,-5.6000000000000005,-5.6000000000000005,-5.6000000000000005,-5.6000000000000005
1.875593662261963,move,0.6251978874206543,-5.6000000000000005,-5.6000000000000005,-5.6000000000000005,-5.6000000000000005,-5.6000000000000005
1.8855788707733154,move,0.6285262902577718,-5.6000000000000005,-5.6000000000000005,-5.6000000000000005,-5.6000000000000005,-5.6000000000000005
1.8956031799316406,move,0.6318677266438802,-5.6000000000000005,-5.6000000000000005,-5.6000000000000005,-5.6000000000000005,-5.6000000000000005
1.9055774211883545,move,0.6351924737294515,-5.6000000000000005,-5.6000000000000005,-5.6000000000000005,-5.6000000000000005,-5.6000000000000005
1.9155669212341309,move,0.6385223070780436,-5.7,-5.7,-5.7,-5.7,-5.7
1.9256172180175781,move,0.6418724060058594,-5.7,-5.7,-5.7,-5.7,-5.7
1.9355976581573486,move,0.6451992193857828,-5.6000000000000005,-5.6000000000000005,-5.6000000000000005,-5.6000000000000005,-5.6000000000000005
1.9455552101135254,move,0.6485184033711752,-5.6000000000000005,-5.6000000000000005,-5.6000000000000005,-5.6000000000000005,-5.6000000000000005
1.955570936203003,move,0.6518569787343343,-5.6000000000000005,-5.6000000000000005,-5.6000000000000005,-5.6000000000000005,-5.6000000000000005
1.9655849933624268,move,0.6551949977874756,-5.6000000000000005,-5.6000000000000005,-5.6000000000000005,-5.6000000000000005,-5.6000000000000005
1.9755949974060059,move,0.658531665802002,-5.6000000000000005,-5.6000000000000005,-5.6000000000000005,-5.6000000000000005,-5.6000000000000005
1.9853994846343994,move,0.6617998282114664,-5.7,-5.7,-5.7,-5.7,-5.7
1.9955027103424072,move,0.6651675701141357,-5.6000000000000005,-5.6000000000000005,-5.6000000000000005,-5.6000000000000005,-5.6000000000000005
2.0053651332855225,move,0.6684550444285074,-5.6000000000000005,-5.6000000000000005,-5.6000000000000005,-5.6000000000000005,-5.6000000000000005
2.0153143405914307,move,0.6717714468638102,-5.6000000000000005,-5.6000000000000005,-5.6000000000000005,-5.6000000000000005,-5.6000000000000005
2.0253450870513916,move,0.6751150290171305,-5.6000000000000005,-5.6000000000000005,-5.6000000000000005,-5.6000000000000005,-5.6000000000000005
2.035449981689453,move,0.6784833272298177,-5.7,-5.7,-5.7,-5.7,-5.7
2.0453238487243652,move,0.6817746162414551,-5.7,-5.7,-5.7,-5.7,-5.7
2.0553901195526123,move,0.6851300398508707,-5.7,-5.7,-5.7,-5.7,-5.7
2.065347671508789,move,0.6884492238362631,-5.6000000000000005,-5.6000000000000005,-5.6000000000000005,-5.6000000000000005,-5.6000000000000005
2.075343608856201,move,0.691781202952067,-5.5,-5.5,-5.5,-5.5,-5.5
2.085493564605713,move,0.6951645215352377,-5.5,-5.5,-5.5,-5.5,-5.5
2.09538197517395,move,0.6984606583913168,-5.6000000000000005,-5.6000000000000005,-5.6000000000000005,-5.6000000000000005,-5.6000000000000005
2.1053922176361084,move,0.7017974058787028,-5.6000000000000005,-5.6000000000000005,-5.6000000000000005,-5.6000000000000005,-5.6000000000000005
2.115537166595459,move,0.7051790555318197,-5.6000000000000005,-5.6000000000000005,-5.6000000000000005,-5.6000000000000005,-5.6000000000000005
2.125692367553711,move,0.7085641225179037,-5.5,-5.5,-5.5,-5.5,-5.5
2.135709285736084,move,0.7119030952453613,-5.5,-5.5,-5.5,-5.5,-5.5
2.1457278728485107,move,0.7152426242828369,-5.6000000000000005,-5.6000000000000005,-5.6000000000000005,-5.6000000000000005,-5.6000000000000005
2.1556522846221924,move,0.7185507615407308,-5.6000000000000005,-5.6000000000000005,-5.6000000000000005,-5.6000000000000005,-5.6000000000000005
2.165705442428589,move,0.7219018141428629,-5.6000000000000005,-5.6000000000000005,-5.6000000000000005,-5.6000000000000005,-5.6000000000000005
2.1757123470306396,move,0.7252374490102133,-5.6000000000000005,-5.6000000000000005,-5.6000000000000005,-5.6000000000000005,-5.6000000000000005
2.185708999633789,move,0.7285696665445963,-5.5,-5.5,-5.5,-5.5,-5.5
2.1957244873046875,move,0.7319081624348959,-5.5,-5.5,-5.5,-5.5,-5.5
2.205677032470703,move,0.7352256774902344,-5.6000000000000005,-5.6000000000000005,-5.6000000000000005,-5.6000000000000005,-5.6000000000000005
2.215585231781006,move,0.7385284105936686,-5.6000000000000005,-5.6000000000000005,-5.6000000000000005,-5.6000000000000005,-5.6000000000000005
2.2255778312683105,move,0.7418592770894369,-5.6000000000000005,-5.6000000000000005,-5.6000000000000005,-5.6000000000000005,-5.6000000000000005
2.235588312149048,move,0.7451961040496826,-5.6000000000000005,-5.6000000000000005,-5.6000000000000005,-5.6000000000000005,-5.6000000000000005
2.245548725128174,move,0.7485162417093912,-5.6000000000000005,-5.6000000000000005,-5.6000000000000005,-5.6000000000000005,-5.6000000000000005
2.255549669265747,move,0.751849889755249,-5.7,-5.7,-5.7,-5.7,-5.7
2.26554274559021,move,0.7551809151967367,-5.7,-5.7,-5.7,-5.7,-5.7
2.27555775642395,move,0.7585192521413168,-5.7,-5.7,-5.7,-5.7,-5.7
2.2856016159057617,move,0.7618672053019205,-5.7,-5.7,-5.7,-5.7,-5.7
2.2955501079559326,move,0.7651833693186442,-5.7,-5.7,-5.7,-5.7,-5.7
2.305595874786377,move,0.7685319582621256,-5.7,-5.7,-5.7,-5.7,-5.7
2.3155670166015625,move,0.7718556722005209,-5.7,-5.7,-5.7,-5.7,-5.7
2.3255512714385986,move,0.7751837571461996,-5.7,-5.7,-5.7,-5.7,-5.7
2.335613250732422,move,0.7785377502441406,-5.7,-5.7,-5.7,-5.7,-5.7
2.345590114593506,move,0.7818633715311686,-5.7,-5.7,-5.7,-5.7,-5.7
2.3555667400360107,move,0.7851889133453369,-5.7,-5.7,-5.7,-5.7,-5.7
2.365589141845703,move,0.7885297139485677,-5.7,-5.7,-5.7,-5.7,-5.7
2.37556529045105,move,0.7918550968170166,-5.7,-5.7,-5.7,-5.7,-5.7
2.3855221271514893,move,0.7951740423838297,-5.7,-5.7,-5.7,-5.7,-5.7
2.3955936431884766,move,0.7985312143961588,-5.7,-5.7,-5.7,-5.7,-5.7
2.4055745601654053,move,0.8018581867218018,-5.7,-5.7,-5.7,-5.7,-5.7
2.415562629699707,move,0.8051875432332357,-5.6000000000000005,-5.6000000000000005,-5.6000000000000005,-5.6000000000000005,-5.6000000000000005
2.4255876541137695,move,0.8085292180379232,-5.6000000000000005,-5.6000000000000005,-5.6000000000000005,-5.6000000000000005,-5.6000000000000005
2.4355852603912354,move,0.8118617534637451,-5.6000000000000005,-5.6000000000000005,-5.6000000000000005,-5.6000000000000005,-5.6000000000000005
2.4455718994140625,move,0.8151906331380209,-5.6000000000000005,-5.6000000000000005,-5.6000000000000005,-5.6000000000000005,-5.6000000000000005
2.455648422241211,move,0.8185494740804037,-5.7,-5.7,-5.7,-5.7,-5.7
2.4655840396881104,move,0.8218613465627035,-5.6000000000000005,-5.6000000000000005,-5.6000000000000005,-5.6000000000000005,-5.6000000000000005
2.4755568504333496,move,0.8251856168111166,-5.6000000000000005,-5.6000000000000005,-5.6000000000000005,-5.6000000000000005,-5.6000000000000005
2.48559832572937,move,0.8285327752431234,-5.6000000000000005,-5.6000000000000005,-5.6000000000000005,-5.6000000000000005,-5.6000000000000005
2.4955763816833496,move,0.8318587938944498,-5.6000000000000005,-5.6000000000000005,-5.6000000000000005,-5.6000000000000005,-5.6000000000000005
2.505540609359741,move,0.8351802031199137,-5.6000000000000005,-5.6000000000000005,-5.6000000000000005,-5.6000000000000005,-5.6000000000000005
2.5156028270721436,move,0.8385342756907145,-5.7,-5.7,-5.7,-5.7,-5.7
2.5257019996643066,move,0.8419006665547689,-5.7,-5.7,-5.7,-5.7,-5.7
2.5355377197265625,move,0.8451792399088541,-5.6000000000000005,-5.6000000000000005,-5.6000000000000005,-5.6000000000000005,-5.6000000000000005
2.545417070388794,move,0.8484723567962646,-5.7,-5.7,-5.7,-5.7,-5.7
2.5557544231414795,move,0.8519181410471598,-5.7,-5.7,-5.7,-5.7,-5.7
2.565545082092285,move,0.8551816940307617,-5.7,-5.7,-5.7,-5.7,-5.7
2.5753769874572754,move,0.8584589958190918,-5.7,-5.7,-5.7,-5.7,-5.7
2.5853631496429443,move,0.8617877165476481,-5.6000000000000005,-5.6000000000000005,-5.6000000000000005,-5.6000000000000005,-5.6000000000000005
2.5953528881073,move,0.8651176293691,-5.6000000000000005,-5.6000000000000005,-5.6000000000000005,-5.6000000000000005,-5.6000000000000005
2.6053335666656494,move,0.8684445222218832,-5.6000000000000005,-5.6000000000000005,-5.6000000000000005,-5.6000000000000005,-5.6000000000000005
2.6153564453125,move,0.8717854817708334,-5.6000000000000005,-5.6000000000000005,-5.6000000000000005,-5.6000000000000005,-5.6000000000000005
2.6253511905670166,move,0.8751170635223389,-5.6000000000000005,-5.6000000000000005,-5.6000000000000005,-5.6000000000000005,-5.6000000000000005
2.635390520095825,move,0.8784635066986084,-5.6000000000000005,-5.6000000000000005,-5.6000000000000005,-5.6000000000000005,-5.6000000000000005
2.6454038619995117,move,0.8818012873331705,-5.6000000000000005,-5.6000000000000005,-5.6000000000000005,-5.6000000000000005,-5.6000000000000005
2.65541410446167,move,0.8851380348205566,-5.6000000000000005,-5.6000000000000005,-5.6000000000000005,-5.6000000000000005,-5.6000000000000005
2.6654796600341797,move,0.8884932200113932,-5.6000000000000005,-5.6000000000000005,-5.6000000000000005,-5.6000000000000005,-5.6000000000000005
2.675679922103882,move,0.8918933073679606,-5.6000000000000005,-5.6000000000000005,-5.6000000000000005,-5.6000000000000005,-5.6000000000000005
2.6857717037200928,move,0.8952572345733643,-5.7,-5.7,-5.7,-5.7,-5.7
2.6957685947418213,move,0.8985895315806071,-5.7,-5.7,-5.7,-5.7,-5.7
2.705671787261963,move,0.9018905957539877,-5.6000000000000005,-5.6000000000000005,-5.6000000000000005,-5.6000000000000005,-5.6000000000000005
2.7157726287841797,move,0.9052575429280599,-5.7,-5.7,-5.7,-5.7,-5.7
2.725693464279175,move,0.9085644880930582,-5.7,-5.7,-5.7,-5.7,-5.7
2.7355403900146484,move,0.9118467966715494,-5.7,-5.7,-5.7,-5.7,-5.7
2.745558023452759,move,0.9151860078175863,-5.7,-5.7,-5.7,-5.7,-5.7
2.7555830478668213,move,0.9185276826222738,-5.7,-5.7,-5.7,-5.7,-5.7
2.7655582427978516,move,0.9218527475992838,-5.7,-5.7,-5.7,-5.7,-5.7
2.7755682468414307,move,0.9251894156138102,-5.7,-5.7,-5.7,-5.7,-5.7
2.7855911254882812,move,0.9285303751627604,-5.7,-5.7,-5.7,-5.7,-5.7
2.7955737113952637,move,0.9318579037984213,-5.6000000000000005,-5.6000000000000005,-5.6000000000000005,-5.6000000000000005,-5.6000000000000005
2.8055763244628906,move,0.9351921081542969,-5.7,-5.7,-5.7,-5.7,-5.7
2.8156063556671143,move,0.9385354518890381,-5.7,-5.7,-5.7,-5.7,-5.7
2.8255553245544434,move,0.9418517748514811,-5.6000000000000005,-5.6000000000000005,-5.6000000000000005,-5.6000000000000005,-5.6000000000000005
2.8355746269226074,move,0.9451915423075358,-5.6000000000000005,-5.6000000000000005,-5.6000000000000005,-5.6000000000000005,-5.6000000000000005
2.845590353012085,move,0.948530117670695,-5.7,-5.7,-5.7,-5.7,-5.7
2.8555657863616943,move,0.9518552621205648,-5.7,-5.7,-5.7,-5.7,-5.7
2.865581750869751,move,0.9551939169565836,-5.7,-5.7,-5.7,-5.7,-5.7
2.8755624294281006,move,0.9585208098093668,-5.800000000000001,-5.800000000000001,-5.800000000000001,-5.800000000000001,-5.800000000000001
2.8855860233306885,move,0.9618620077768961,-5.800000000000001,-5.800000000000001,-5.800000000000001,-5.800000000000001,-5.800000000000001
2.8955724239349365,move,0.9651908079783121,-5.800000000000001,-5.800000000000001,-5.800000000000001,-5.800000000000001,-5.800000000000001
2.905578851699829,move,0.968526283899943,-5.800000000000001,-5.800000000000001,-5.800000000000001,-5.800000000000001,-5.800000000000001
2.9156908988952637,move,0.9718969662984213,-5.800000000000001,-5.800000000000001,-5.800000000000001,-5.800000000000001,-5.800000000000001
2.9255995750427246,move,0.9751998583475748,-5.7,-5.7,-5.7,-5.7,-5.7
2.935596227645874,move,0.978532075881958,-5.7,-5.7,-5.7,-5.7,-5.7
2.9456019401550293,move,0.9818673133850098,-5.7,-5.7,-5.7,-5.7,-5.7
2.9555206298828125,move,0.9851735432942709,-5.7,-5.7,-5.7,-5.7,-5.7
2.9655609130859375,move,0.9885203043619791,-5.7,-5.7,-5.7,-5.7,-5.7
2.9756557941436768,move,0.991885264714559,-5.800000000000001,-5.800000000000001,-5.800000000000001,-5.800000000000001,-5.800000000000001
2.9856529235839844,move,0.9952176411946615,-5.800000000000001,-5.800000000000001,-5.800000000000001,-5.800000000000001,-5.800000000000001
2.9956088066101074,move,0.9985362688700358,-5.800000000000001,-5.800000000000001,-5.800000000000001,-5.800000000000001,-5.800000000000001
3.0055980682373047,hold,1.0,-5.800000000000001,-5.800000000000001,-5.800000000000001,-5.800000000000001,-5.800000000000001
3.0154709815979004,hold,1.0,-5.800000000000001,-5.800000000000001,-5.800000000000001,-5.800000000000001,-5.800000000000001
3.0255370140075684,hold,1.0,-5.7,-5.7,-5.7,-5.7,-5.7
3.0355610847473145,hold,1.0,-5.7,-5.7,-5.7,-5.7,-5.7
3.045593500137329,hold,1.0,-5.7,-5.7,-5.7,-5.7,-5.7
3.0555694103240967,hold,1.0,-5.7,-5.7,-5.7,-5.7,-5.7
3.0656824111938477,hold,1.0,-5.7,-5.7,-5.7,-5.7,-5.7
3.075605869293213,hold,1.0,-5.6000000000000005,-5.6000000000000005,-5.6000000000000005,-5.6000000000000005,-5.6000000000000005
3.0856270790100098,hold,1.0,-5.7,-5.7,-5.7,-5.7,-5.7
3.0956006050109863,hold,1.0,-5.6000000000000005,-5.6000000000000005,-5.6000000000000005,-5.6000000000000005,-5.6000000000000005
3.105618715286255,hold,1.0,-5.5,-5.5,-5.5,-5.5,-5.5
3.1162781715393066,hold,1.0,-5.5,-5.5,-5.5,-5.5,-5.5
3.125554084777832,hold,1.0,-5.5,-5.5,-5.5,-5.5,-5.5
3.135589599609375,hold,1.0,-5.5,-5.5,-5.5,-5.5,-5.5
3.145540237426758,hold,1.0,-5.5,-5.5,-5.5,-5.5,-5.5
3.155363082885742,hold,1.0,-5.5,-5.5,-5.5,-5.5,-5.5
3.165576219558716,hold,1.0,-5.5,-5.5,-5.5,-5.5,-5.5
3.1753838062286377,hold,1.0,-5.6000000000000005,-5.6000000000000005,-5.6000000000000005,-5.6000000000000005,-5.6000000000000005
3.185372829437256,hold,1.0,-5.7,-5.7,-5.7,-5.7,-5.7
3.195589542388916,hold,1.0,-5.7,-5.7,-5.7,-5.7,-5.7
3.2054529190063477,hold,1.0,-5.7,-5.7,-5.7,-5.7,-5.7
3.2155299186706543,hold,1.0,-5.800000000000001,-5.800000000000001,-5.800000000000001,-5.800000000000001,-5.800000000000001
3.225691318511963,hold,1.0,-5.800000000000001,-5.800000000000001,-5.800000000000001,-5.800000000000001,-5.800000000000001
3.235639810562134,hold,1.0,-5.800000000000001,-5.800000000000001,-5.800000000000001,-5.800000000000001,-5.800000000000001
3.245659112930298,hold,1.0,-5.7,-5.7,-5.7,-5.7,-5.7
3.25565505027771,hold,1.0,-5.7,-5.7,-5.7,-5.7,-5.7
3.2656383514404297,hold,1.0,-5.7,-5.7,-5.7,-5.7,-5.7
3.275686025619507,hold,1.0,-5.7,-5.7,-5.7,-5.7,-5.7
3.2856497764587402,hold,1.0,-5.800000000000001,-5.800000000000001,-5.800000000000001,-5.800000000000001,-5.800000000000001
3.2957019805908203,hold,1.0,-5.7,-5.7,-5.7,-5.7,-5.7
3.305579423904419,hold,1.0,-5.800000000000001,-5.800000000000001,-5.800000000000001,-5.800000000000001,-5.800000000000001
3.315671443939209,hold,1.0,-5.800000000000001,-5.800000000000001,-5.800000000000001,-5.800000000000001,-5.800000000000001
3.3257534503936768,hold,1.0,-5.9,-5.9,-5.9,-5.9,-5.9
3.335688352584839,hold,1.0,-5.800000000000001,-5.800000000000001,-5.800000000000001,-5.800000000000001,-5.800000000000001
3.345745086669922,hold,1.0,-5.800000000000001,-5.800000000000001,-5.800000000000001,-5.800000000000001,-5.800000000000001
3.3556604385375977,hold,1.0,-5.800000000000001,-5.800000000000001,-5.800000000000001,-5.800000000000001,-5.800000000000001
3.3656136989593506,hold,1.0,-5.7,-5.7,-5.7,-5.7,-5.7
3.3756377696990967,hold,1.0,-5.7,-5.7,-5.7,-5.7,-5.7
3.385617733001709,hold,1.0,-5.7,-5.7,-5.7,-5.7,-5.7
3.395634174346924,hold,1.0,-5.6000000000000005,-5.6000000000000005,-5.6000000000000005,-5.6000000000000005,-5.6000000000000005
3.405585765838623,hold,1.0,-5.6000000000000005,-5.6000000000000005,-5.6000000000000005,-5.6000000000000005,-5.6000000000000005
3.4155659675598145,hold,1.0,-5.6000000000000005,-5.6000000000000005,-5.6000000000000005,-5.6000000000000005,-5.6000000000000005
3.4255406856536865,hold,1.0,-5.6000000000000005,-5.6000000000000005,-5.6000000000000005,-5.6000000000000005,-5.6000000000000005
3.43561053276062,hold,1.0,-5.6000000000000005,-5.6000000000000005,-5.6000000000000005,-5.6000000000000005,-5.6000000000000005
3.4455552101135254,hold,1.0,-5.6000000000000005,-5.6000000000000005,-5.6000000000000005,-5.6000000000000005,-5.6000000000000005
3.4555675983428955,hold,1.0,-5.6000000000000005,-5.6000000000000005,-5.6000000000000005,-5.6000000000000005,-5.6000000000000005
3.465590000152588,hold,1.0,-5.6000000000000005,-5.6000000000000005,-5.6000000000000005,-5.6000000000000005,-5.6000000000000005
3.475884199142456,hold,1.0,-5.7,-5.7,-5.7,-5.7,-5.7
3.4854581356048584,hold,1.0,-5.7,-5.7,-5.7,-5.7,-5.7
3.4960038661956787,hold,1.0,-5.7,-5.7,-5.7,-5.7,-5.7
3.505406379699707,hold,1.0,-5.7,-5.7,-5.7,-5.7,-5.7
3.515773296356201,hold,1.0,-5.7,-5.7,-5.7,-5.7,-5.7
3.525895833969116,hold,1.0,-5.7,-5.7,-5.7,-5.7,-5.7
3.5354058742523193,hold,1.0,-5.6000000000000005,-5.6000000000000005,-5.6000000000000005,-5.6000000000000005,-5.6000000000000005
3.5453736782073975,hold,1.0,-5.6000000000000005,-5.6000000000000005,-5.6000000000000005,-5.6000000000000005,-5.6000000000000005
3.5557215213775635,hold,1.0,-5.6000000000000005,-5.6000000000000005,-5.6000000000000005,-5.6000000000000005,-5.6000000000000005
3.5653786659240723,hold,1.0,-5.6000000000000005,-5.6000000000000005,-5.6000000000000005,-5.6000000000000005,-5.6000000000000005
3.575406074523926,hold,1.0,-5.6000000000000005,-5.6000000000000005,-5.6000000000000005,-5.6000000000000005,-5.6000000000000005
3.5855815410614014,hold,1.0,-5.7,-5.7,-5.7,-5.7,-5.7
3.5953545570373535,hold,1.0,-5.7,-5.7,-5.7,-5.7,-5.7
3.6054625511169434,hold,1.0,-5.7,-5.7,-5.7,-5.7,-5.7
3.6154866218566895,hold,1.0,-5.7,-5.7,-5.7,-5.7,-5.7
3.6255595684051514,hold,1.0,-5.7,-5.7,-5.7,-5.7,-5.7
3.635580539703369,hold,1.0,-5.7,-5.7,-5.7,-5.7,-5.7
3.6456186771392822,hold,1.0,-5.7,-5.7,-5.7,-5.7,-5.7
3.6556835174560547,hold,1.0,-5.7,-5.7,-5.7,-5.7,-5.7
3.6656928062438965,hold,1.0,-5.7,-5.7,-5.7,-5.7,-5.7
3.6756420135498047,hold,1.0,-5.7,-5.7,-5.7,-5.7,-5.7
3.6855008602142334,hold,1.0,-5.7,-5.7,-5.7,-5.7,-5.7
3.695573568344116,hold,1.0,-5.7,-5.7,-5.7,-5.7,-5.7
3.705493211746216,hold,1.0,-5.7,-5.7,-5.7,-5.7,-5.7
3.7157561779022217,hold,1.0,-5.7,-5.7,-5.7,-5.7,-5.7
3.7253825664520264,hold,1.0,-5.6000000000000005,-5.6000000000000005,-5.6000000000000005,-5.6000000000000005,-5.6000000000000005
3.7353405952453613,hold,1.0,-5.6000000000000005,-5.6000000000000005,-5.6000000000000005,-5.6000000000000005,-5.6000000000000005
3.7452661991119385,hold,1.0,-5.6000000000000005,-5.6000000000000005,-5.6000000000000005,-5.6000000000000005,-5.6000000000000005
3.755331516265869,hold,1.0,-5.6000000000000005,-5.6000000000000005,-5.6000000000000005,-5.6000000000000005,-5.6000000000000005
3.7653448581695557,hold,1.0,-5.6000000000000005,-5.6000000000000005,-5.6000000000000005,-5.6000000000000005,-5.6000000000000005
3.775294780731201,hold,1.0,-5.7,-5.7,-5.7,-5.7,-5.7
3.785391092300415,hold,1.0,-5.7,-5.7,-5.7,-5.7,-5.7
3.795438051223755,hold,1.0,-5.6000000000000005,-5.6000000000000005,-5.6000000000000005,-5.6000000000000005,-5.6000000000000005
3.8055758476257324,hold,1.0,-5.7,-5.7,-5.7,-5.7,-5.7
3.81558895111084,hold,1.0,-5.6000000000000005,-5.6000000000000005,-5.6000000000000005,-5.6000000000000005,-5.6000000000000005
3.8256092071533203,hold,1.0,-5.6000000000000005,-5.6000000000000005,-5.6000000000000005,-5.6000000000000005,-5.6000000000000005
3.835623264312744,hold,1.0,-5.6000000000000005,-5.6000000000000005,-5.6000000000000005,-5.6000000000000005,-5.6000000000000005
3.845583200454712,hold,1.0,-5.6000000000000005,-5.6000000000000005,-5.6000000000000005,-5.6000000000000005,-5.6000000000000005
3.855576276779175,hold,1.0,-5.6000000000000005,-5.6000000000000005,-5.6000000000000005,-5.6000000000000005,-5.6000000000000005
3.8655788898468018,hold,1.0,-5.7,-5.7,-5.7,-5.7,-5.7
3.8755557537078857,hold,1.0,-5.7,-5.7,-5.7,-5.7,-5.7
3.885575771331787,hold,1.0,-5.7,-5.7,-5.7,-5.7,-5.7
3.8955795764923096,hold,1.0,-5.7,-5.7,-5.7,-5.7,-5.7
3.9055981636047363,hold,1.0,-5.7,-5.7,-5.7,-5.7,-5.7
3.915628433227539,hold,1.0,-5.7,-5.7,-5.7,-5.7,-5.7
3.92557954788208,hold,1.0,-5.7,-5.7,-5.7,-5.7,-5.7
3.9355781078338623,hold,1.0,-5.7,-5.7,-5.7,-5.7,-5.7
3.9456021785736084,hold,1.0,-5.7,-5.7,-5.7,-5.7,-5.7
3.9555416107177734,hold,1.0,-5.7,-5.7,-5.7,-5.7,-5.7
3.9656033515930176,hold,1.0,-5.6000000000000005,-5.6000000000000005,-5.6000000000000005,-5.6000000000000005,-5.6000000000000005
3.97563099861145,hold,1.0,-5.7,-5.7,-5.7,-5.7,-5.7
3.9855687618255615,hold,1.0,-5.6000000000000005,-5.6000000000000005,-5.6000000000000005,-5.6000000000000005,-5.6000000000000005
3.995553493499756,hold,1.0,-5.5,-5.5,-5.5,-5.5,-5.5
4.005522012710571,hold,1.0,-5.5,-5.5,-5.5,-5.5,-5.5
4.015523910522461,hold,1.0,-5.6000000000000005,-5.6000000000000005,-5.6000000000000005,-5.6000000000000005,-5.6000000000000005
4.025627136230469,hold,1.0,-5.7,-5.7,-5.7,-5.7,-5.7
4.035583257675171,hold,1.0,-5.7,-5.7,-5.7,-5.7,-5.7
4.045616626739502,hold,1.0,-5.7,-5.7,-5.7,-5.7,-5.7
4.0556111335754395,hold,1.0,-5.7,-5.7,-5.7,-5.7,-5.7
4.065584897994995,hold,1.0,-5.800000000000001,-5.800000000000001,-5.800000000000001,-5.800000000000001,-5.800000000000001
4.075582981109619,hold,1.0,-5.9,-5.9,-5.9,-5.9,-5.9
4.085621356964111,hold,1.0,-5.9,-5.9,-5.9,-5.9,-5.9
4.0955810546875,hold,1.0,-5.800000000000001,-5.800000000000001,-5.800000000000001,-5.800000000000001,-5.800000000000001
4.105585336685181,hold,1.0,-5.7,-5.7,-5.7,-5.7,-5.7
4.115642547607422,hold,1.0,-5.7,-5.7,-5.7,-5.7,-5.7
4.125542402267456,hold,1.0,-5.800000000000001,-5.800000000000001,-5.800000000000001,-5.800000000000001,-5.800000000000001
4.135595321655273,hold,1.0,-5.800000000000001,-5.800000000000001,-5.800000000000001,-5.800000000000001,-5.800000000000001
4.145563840866089,hold,1.0,-5.800000000000001,-5.800000000000001,-5.800000000000001,-5.800000000000001,-5.800000000000001
4.155597448348999,hold,1.0,-5.800000000000001,-5.800000000000001,-5.800000000000001,-5.800000000000001,-5.800000000000001
4.165574073791504,hold,1.0,-5.800000000000001,-5.800000000000001,-5.800000000000001,-5.800000000000001,-5.800000000000001
4.175530195236206,hold,1.0,-5.800000000000001,-5.800000000000001,-5.800000000000001,-5.800000000000001,-5.800000000000001
4.185609579086304,hold,1.0,-5.800000000000001,-5.800000000000001,-5.800000000000001,-5.800000000000001,-5.800000000000001
4.19562554359436,hold,1.0,-5.800000000000001,-5.800000000000001,-5.800000000000001,-5.800000000000001,-5.800000000000001
4.205579519271851,hold,1.0,-5.800000000000001,-5.800000000000001,-5.800000000000001,-5.800000000000001,-5.800000000000001
4.215536117553711,hold,1.0,-5.7,-5.7,-5.7,-5.7,-5.7
4.225629568099976,hold,1.0,-5.800000000000001,-5.800000000000001,-5.800000000000001,-5.800000000000001,-5.800000000000001
4.235645771026611,hold,1.0,-5.7,-5.7,-5.7,-5.7,-5.7
4.24544882774353,hold,1.0,-5.7,-5.7,-5.7,-5.7,-5.7
4.25553035736084,hold,1.0,-5.7,-5.7,-5.7,-5.7,-5.7
4.265494346618652,hold,1.0,-5.7,-5.7,-5.7,-5.7,-5.7
4.275368690490723,hold,1.0,-5.7,-5.7,-5.7,-5.7,-5.7
4.285365104675293,hold,1.0,-5.6000000000000005,-5.6000000000000005,-5.6000000000000005,-5.6000000000000005,-5.6000000000000005
4.295463800430298,hold,1.0,-5.7,-5.7,-5.7,-5.7,-5.7
4.305353403091431,hold,1.0,-5.7,-5.7,-5.7,-5.7,-5.7
4.315376043319702,hold,1.0,-5.6000000000000005,-5.6000000000000005,-5.6000000000000005,-5.6000000000000005,-5.6000000000000005
4.325464248657227,hold,1.0,-5.6000000000000005,-5.6000000000000005,-5.6000000000000005,-5.6000000000000005,-5.6000000000000005
4.335574388504028,hold,1.0,-5.6000000000000005,-5.6000000000000005,-5.6000000000000005,-5.6000000000000005,-5.6000000000000005
4.345426559448242,hold,1.0,-5.6000000000000005,-5.6000000000000005,-5.6000000000000005,-5.6000000000000005,-5.6000000000000005
4.3554465770721436,hold,1.0,-5.6000000000000005,-5.6000000000000005,-5.6000000000000005,-5.6000000000000005,-5.6000000000000005
4.365570545196533,hold,1.0,-5.6000000000000005,-5.6000000000000005,-5.6000000000000005,-5.6000000000000005,-5.6000000000000005
4.375579357147217,hold,1.0,-5.6000000000000005,-5.6000000000000005,-5.6000000000000005,-5.6000000000000005,-5.6000000000000005
4.385573387145996,hold,1.0,-5.6000000000000005,-5.6000000000000005,-5.6000000000000005,-5.6000000000000005,-5.6000000000000005
4.395604133605957,hold,1.0,-5.6000000000000005,-5.6000000000000005,-5.6000000000000005,-5.6000000000000005,-5.6000000000000005
4.405591249465942,hold,1.0,-5.6000000000000005,-5.6000000000000005,-5.6000000000000005,-5.6000000000000005,-5.6000000000000005
4.415597677230835,hold,1.0,-5.6000000000000005,-5.6000000000000005,-5.6000000000000005,-5.6000000000000005,-5.6000000000000005
4.425649404525757,hold,1.0,-5.6000000000000005,-5.6000000000000005,-5.6000000000000005,-5.6000000000000005,-5.6000000000000005
4.43577241897583,hold,1.0,-5.6000000000000005,-5.6000000000000005,-5.6000000000000005,-5.6000000000000005,-5.6000000000000005
4.445684194564819,hold,1.0,-5.6000000000000005,-5.6000000000000005,-5.6000000000000005,-5.6000000000000005,-5.6000000000000005
4.455640077590942,hold,1.0,-5.6000000000000005,-5.6000000000000005,-5.6000000000000005,-5.6000000000000005,-5.6000000000000005
4.46550440788269,hold,1.0,-5.5,-5.5,-5.5,-5.5,-5.5
4.475423574447632,hold,1.0,-5.6000000000000005,-5.6000000000000005,-5.6000000000000005,-5.6000000000000005,-5.6000000000000005
4.48534083366394,hold,1.0,-5.6000000000000005,-5.6000000000000005,-5.6000000000000005,-5.6000000000000005,-5.6000000000000005
4.495348930358887,hold,1.0,-5.5,-5.5,-5.5,-5.5,-5.5
4.5054051876068115,hold,1.0,-5.5,-5.5,-5.5,-5.5,-5.5
4.515451669692993,hold,1.0,-5.5,-5.5,-5.5,-5.5,-5.5
4.525467872619629,hold,1.0,-5.5,-5.5,-5.5,-5.5,-5.5
4.535512208938599,hold,1.0,-5.6000000000000005,-5.6000000000000005,-5.6000000000000005,-5.6000000000000005,-5.6000000000000005
4.545637845993042,hold,1.0,-5.6000000000000005,-5.6000000000000005,-5.6000000000000005,-5.6000000000000005,-5.6000000000000005
4.555597305297852,hold,1.0,-5.5,-5.5,-5.5,-5.5,-5.5
4.565593719482422,hold,1.0,-5.5,-5.5,-5.5,-5.5,-5.5
4.575581789016724,hold,1.0,-5.5,-5.5,-5.5,-5.5,-5.5
4.58558464050293,hold,1.0,-5.6000000000000005,-5.6000000000000005,-5.6000000000000005,-5.6000000000000005,-5.6000000000000005
4.595594167709351,hold,1.0,-5.6000000000000005,-5.6000000000000005,-5.6000000000000005,-5.6000000000000005,-5.6000000000000005
4.605562210083008,hold,1.0,-5.6000000000000005,-5.6000000000000005,-5.6000000000000005,-5.6000000000000005,-5.6000000000000005
4.6155664920806885,hold,1.0,-5.6000000000000005,-5.6000000000000005,-5.6000000000000005,-5.6000000000000005,-5.6000000000000005
4.625661611557007,hold,1.0,-5.7,-5.7,-5.7,-5.7,-5.7
4.635617733001709,hold,1.0,-5.7,-5.7,-5.7,-5.7,-5.7
4.645578622817993,hold,1.0,-5.7,-5.7,-5.7,-5.7,-5.7
4.6555421352386475,hold,1.0,-5.7,-5.7,-5.7,-5.7,-5.7
4.665539264678955,hold,1.0,-5.6000000000000005,-5.6000000000000005,-5.6000000000000005,-5.6000000000000005,-5.6000000000000005
4.675531625747681,hold,1.0,-5.7,-5.7,-5.7,-5.7,-5.7
4.6855995655059814,hold,1.0,-5.7,-5.7,-5.7,-5.7,-5.7
4.695600986480713,hold,1.0,-5.7,-5.7,-5.7,-5.7,-5.7
4.705554962158203,hold,1.0,-5.6000000000000005,-5.6000000000000005,-5.6000000000000005,-5.6000000000000005,-5.6000000000000005
4.715609073638916,hold,1.0,-5.5,-5.5,-5.5,-5.5,-5.5
4.7255799770355225,hold,1.0,-5.5,-5.5,-5.5,-5.5,-5.5
4.7355523109436035,hold,1.0,-5.5,-5.5,-5.5,-5.5,-5.5
4.745569229125977,hold,1.0,-5.6000000000000005,-5.6000000000000005,-5.6000000000000005,-5.6000000000000005,-5.6000000000000005
4.755571126937866,hold,1.0,-5.5,-5.5,-5.5,-5.5,-5.5
4.765566110610962,hold,1.0,-5.5,-5.5,-5.5,-5.5,-5.5
4.775561571121216,hold,1.0,-5.5,-5.5,-5.5,-5.5,-5.5
4.785610198974609,hold,1.0,-5.5,-5.5,-5.5,-5.5,-5.5
4.795596361160278,hold,1.0,-5.5,-5.5,-5.5,-5.5,-5.5
4.805434942245483,hold,1.0,-5.6000000000000005,-5.6000000000000005,-5.6000000000000005,-5.6000000000000005,-5.6000000000000005
4.815551996231079,hold,1.0,-5.6000000000000005,-5.6000000000000005,-5.6000000000000005,-5.6000000000000005,-5.6000000000000005
4.825652360916138,hold,1.0,-5.6000000000000005,-5.6000000000000005,-5.6000000000000005,-5.6000000000000005,-5.6000000000000005
4.83548641204834,hold,1.0,-5.6000000000000005,-5.6000000000000005,-5.6000000000000005,-5.6000000000000005,-5.6000000000000005
4.84537410736084,hold,1.0,-5.6000000000000005,-5.6000000000000005,-5.6000000000000005,-5.6000000000000005,-5.6000000000000005
4.855360746383667,hold,1.0,-5.7,-5.7,-5.7,-5.7,-5.7
4.865359783172607,hold,1.0,-5.800000000000001,-5.800000000000001,-5.800000000000001,-5.800000000000001,-5.800000000000001
4.8753981590271,hold,1.0,-5.7,-5.7,-5.7,-5.7,-5.7
4.885434627532959,hold,1.0,-5.7,-5.7,-5.7,-5.7,-5.7
4.8954713344573975,hold,1.0,-5.7,-5.7,-5.7,-5.7,-5.7
4.905634880065918,hold,1.0,-5.7,-5.7,-5.7,-5.7,-5.7
4.915581464767456,hold,1.0,-5.7,-5.7,-5.7,-5.7,-5.7
4.925615310668945,hold,1.0,-5.7,-5.7,-5.7,-5.7,-5.7
4.9356279373168945,hold,1.0,-5.7,-5.7,-5.7,-5.7,-5.7
4.9456946849823,hold,1.0,-5.7,-5.7,-5.7,-5.7,-5.7
4.955799102783203,hold,1.0,-5.7,-5.7,-5.7,-5.7,-5.7
4.96581768989563,hold,1.0,-5.7,-5.7,-5.7,-5.7,-5.7
4.975449800491333,hold,1.0,-5.7,-5.7,-5.7,-5.7,-5.7
4.985373020172119,hold,1.0,-5.7,-5.7,-5.7,-5.7,-5.7
4.995419263839722,hold,1.0,-5.7,-5.7,-5.7,-5.7,-5.7
5.005413055419922,hold,1.0,-5.7,-5.7,-5.7,-5.7,-5.7
